INSERT INTO SEASON (SEASON_NAME, SEASON_TIER, IS_CURRENT_SEASON) VALUES ('Prijateljska', 'friendly', false);
INSERT INTO SEASON (SEASON_NAME, SEASON_TIER, IS_CURRENT_SEASON) VALUES ('Piramida Ljeto 2020.', 'pyramid', true);
INSERT INTO SEASON (SEASON_NAME, SEASON_TIER, IS_CURRENT_SEASON) VALUES ('Masters Ljeto 2020.', 'masters', false);
INSERT INTO ROUND (ROUND_NUMBER, DATE_FROM, DATE_TO, ROUND_DESCRIPTION, SEASON_ID) VALUES (0, NULL, NULL, 'Prijateljska', 1);
INSERT INTO ROUND (ROUND_NUMBER, DATE_FROM, DATE_TO, ROUND_DESCRIPTION, SEASON_ID) VALUES (1, '2020-05-17', '2020-05-24', '1. kolo (17.5.-24.5.) - Piramida Ljeto 2020.', 2);
INSERT INTO ROUND (ROUND_NUMBER, DATE_FROM, DATE_TO, ROUND_DESCRIPTION, SEASON_ID) VALUES (2, '2020-05-25', '2020-05-31', '2. kolo (25.5.-31.5.) - Piramida Ljeto 2020.', 2);
INSERT INTO PLAYER (ID, FIRST_NAME, LAST_NAME, DATE_OF_BIRTH, PHONE_NUMBER, USER_MAIL, PASSWORD, IS_ACTIVE) VALUES (1, 'Ivan', 'Ljubičić', '1992-01-01', '0925468798', 'mali.mikica@mail.com', '12345', true);
INSERT INTO PLAYER (ID, FIRST_NAME, LAST_NAME, DATE_OF_BIRTH, PHONE_NUMBER, USER_MAIL, PASSWORD, IS_ACTIVE) VALUES (2, 'Mario', 'Ančić', '1973-05-08', '0954687412', 'mali.ivica@mail.com', '56789', true);
INSERT INTO PLAYER (ID, FIRST_NAME, LAST_NAME, DATE_OF_BIRTH, PHONE_NUMBER, USER_MAIL, PASSWORD, IS_ACTIVE) VALUES (3, 'Roko', 'Karanušić', '1980-11-08', '0915632256', 'matija.ivica@mail.com', 'mama22', true);
INSERT INTO PLAYER (ID, FIRST_NAME, LAST_NAME, DATE_OF_BIRTH, PHONE_NUMBER, USER_MAIL, PASSWORD, IS_ACTIVE) VALUES (4, 'Mate', 'Pavić', '1985-02-14', '0924478962', 'jurica.mali@mail.com', 'mama22', true);
INSERT INTO PLAYER (ID, FIRST_NAME, LAST_NAME, DATE_OF_BIRTH, PHONE_NUMBER, USER_MAIL, PASSWORD, IS_ACTIVE) VALUES (5, 'Grigor', 'Dimitrov', '1992-01-01', '0915632256', 'mali.mikica@mail.com', '12345', true);
INSERT INTO PLAYER (ID, FIRST_NAME, LAST_NAME, DATE_OF_BIRTH, PHONE_NUMBER, USER_MAIL, PASSWORD, IS_ACTIVE) VALUES (6, 'Gael', 'Monfils', '1973-05-08', '0954687412', 'mali.ivica@mail.com', '56789', true);
INSERT INTO PLAYER (ID, FIRST_NAME, LAST_NAME, DATE_OF_BIRTH, PHONE_NUMBER, USER_MAIL, PASSWORD, IS_ACTIVE) VALUES (7, 'Marin', 'Čilić', '1980-11-08', '0915632256', 'matija.ivica@mail.com', 'mama22', true);
INSERT INTO PLAYER (ID, FIRST_NAME, LAST_NAME, DATE_OF_BIRTH, PHONE_NUMBER, USER_MAIL, PASSWORD, IS_ACTIVE) VALUES (8, 'Stan', 'Wawrinka', '1985-02-14', '0954687412', 'jurica.mali@mail.com', 'mama22', true);
INSERT INTO PLAYER (ID, FIRST_NAME, LAST_NAME, DATE_OF_BIRTH, PHONE_NUMBER, USER_MAIL, PASSWORD, IS_ACTIVE) VALUES (9, 'Setefanos', 'Tsitsipas', '1992-01-01', '0925468798', 'mali.mikica@mail.com', '12345', true);
INSERT INTO PLAYER (ID, FIRST_NAME, LAST_NAME, DATE_OF_BIRTH, PHONE_NUMBER, USER_MAIL, PASSWORD, IS_ACTIVE) VALUES (10, 'Rafael', 'Nadal', '1973-05-08', '0954687412', 'mali.ivica@mail.com', '56789', true);
INSERT INTO PLAYER (ID, FIRST_NAME, LAST_NAME, DATE_OF_BIRTH, PHONE_NUMBER, USER_MAIL, PASSWORD, IS_ACTIVE) VALUES (11, 'Roger', 'Federer', '1980-11-08', '0915632256', 'matija.ivica@mail.com', 'mama22', true);
INSERT INTO PLAYER (ID, FIRST_NAME, LAST_NAME, DATE_OF_BIRTH, PHONE_NUMBER, USER_MAIL, PASSWORD, IS_ACTIVE) VALUES (12, 'Felix', 'Aliassime', '1985-02-14', '0924478962', 'jurica.mali@mail.com', 'mama22', true);
INSERT INTO PLAYER (ID, FIRST_NAME, LAST_NAME, DATE_OF_BIRTH, PHONE_NUMBER, USER_MAIL, PASSWORD, IS_ACTIVE) VALUES (13, 'Nole', 'Đokovć', '1992-01-01', '0915632256', 'mali.mikica@mail.com', '12345', true);
INSERT INTO PLAYER (ID, FIRST_NAME, LAST_NAME, DATE_OF_BIRTH, PHONE_NUMBER, USER_MAIL, PASSWORD, IS_ACTIVE) VALUES (14, 'John', 'Isner', '1973-05-08', '0954687412', 'mali.ivica@mail.com', '56789', true);
INSERT INTO PLAYER (ID, FIRST_NAME, LAST_NAME, DATE_OF_BIRTH, PHONE_NUMBER, USER_MAIL, PASSWORD, IS_ACTIVE) VALUES (15, 'Borna', 'Čorić', '1980-11-08', '0915632256', 'matija.ivica@mail.com', 'mama22', true);
INSERT INTO PLAYER (ID, FIRST_NAME, LAST_NAME, DATE_OF_BIRTH, PHONE_NUMBER, USER_MAIL, PASSWORD, IS_ACTIVE) VALUES (16, 'Andy', 'Roddick', '1985-02-14', '0954687412', 'jurica.mali@mail.com', 'mama22', true);
INSERT INTO PLAYER_STATS (PLAYER_ID, CURRENT_ROW, BEST_ROW, CURRENT_STREAK, BEST_STREAK) VALUES (1, 1, 1, 1, 3); -- Ivan', 'Ljubičić'
INSERT INTO PLAYER_STATS (PLAYER_ID, CURRENT_ROW, BEST_ROW, CURRENT_STREAK, BEST_STREAK) VALUES (2, 1, 1, 0, 2); -- 'Mario', 'Ančić'
INSERT INTO PLAYER_STATS (PLAYER_ID, CURRENT_ROW, BEST_ROW, CURRENT_STREAK, BEST_STREAK) VALUES (3, 2, 2, 1, 4); -- Roko', 'Karanušić'
INSERT INTO PLAYER_STATS (PLAYER_ID, CURRENT_ROW, BEST_ROW, CURRENT_STREAK, BEST_STREAK) VALUES (4, 2, 2, 0, 5); -- Mate', 'Pavić
INSERT INTO PLAYER_STATS (PLAYER_ID, CURRENT_ROW, BEST_ROW, CURRENT_STREAK, BEST_STREAK) VALUES (5, 3, 2, 1, 3); -- Dimitrov
INSERT INTO PLAYER_STATS (PLAYER_ID, CURRENT_ROW, BEST_ROW, CURRENT_STREAK, BEST_STREAK) VALUES (6, 3, 1, 0, 2); -- Monfils
INSERT INTO PLAYER_STATS (PLAYER_ID, CURRENT_ROW, BEST_ROW, CURRENT_STREAK, BEST_STREAK) VALUES (7, 4, 3, 1, 4); -- Čilić
INSERT INTO PLAYER_STATS (PLAYER_ID, CURRENT_ROW, BEST_ROW, CURRENT_STREAK, BEST_STREAK) VALUES (8, 4, 2, 0, 3); -- Wawrinka
INSERT INTO PLAYER_STATS (PLAYER_ID, CURRENT_ROW, BEST_ROW, CURRENT_STREAK, BEST_STREAK) VALUES (9, 5, 1, 1, 4); -- Tsitsipas
INSERT INTO PLAYER_STATS (PLAYER_ID, CURRENT_ROW, BEST_ROW, CURRENT_STREAK, BEST_STREAK) VALUES (10, 5, 4, 0, 3); -- Nadal
INSERT INTO PLAYER_STATS (PLAYER_ID, CURRENT_ROW, BEST_ROW, CURRENT_STREAK, BEST_STREAK) VALUES (11, 6, 5, 1, 3); -- Federer
INSERT INTO PLAYER_STATS (PLAYER_ID, CURRENT_ROW, BEST_ROW, CURRENT_STREAK, BEST_STREAK) VALUES (12, 6, 6, 0, 2); -- Aliassime
INSERT INTO PLAYER_STATS (PLAYER_ID, CURRENT_ROW, BEST_ROW, CURRENT_STREAK, BEST_STREAK) VALUES (13, 7, 6, 1, 4); -- Đokovć
INSERT INTO PLAYER_STATS (PLAYER_ID, CURRENT_ROW, BEST_ROW, CURRENT_STREAK, BEST_STREAK) VALUES (14, 7, 6, 0, 3); -- Isner
INSERT INTO PLAYER_STATS (PLAYER_ID, CURRENT_ROW, BEST_ROW, CURRENT_STREAK, BEST_STREAK) VALUES (15, 8, 8, 1, 3); -- Čorić
INSERT INTO PLAYER_STATS (PLAYER_ID, CURRENT_ROW, BEST_ROW, CURRENT_STREAK, BEST_STREAK) VALUES (16, 8, 2, 0, 2); -- Roddick
INSERT INTO MATCH (PLAYER_WINNER_ID, PLAYER_DEFEATED_ID, PLAYER_ROW_ATTACKER_ID, PLAYER_ROW_DEFENDER_ID, CHALLENGER_ROW, DEFENDER_ROW, SET_FIRST, SET_SECOND, SET_THIRD, IS_MATCH_PLAYED, MATCH_DATE, ROUND_ID) VALUES (2, 1, 2, 1, 2, 1, '6:4', '6:2', null, true, '2020-05-22', 2);
INSERT INTO MATCH (PLAYER_WINNER_ID, PLAYER_DEFEATED_ID, PLAYER_ROW_ATTACKER_ID, PLAYER_ROW_DEFENDER_ID, CHALLENGER_ROW, DEFENDER_ROW, SET_FIRST, SET_SECOND, SET_THIRD, IS_MATCH_PLAYED, MATCH_DATE, ROUND_ID) VALUES (4, 3, 4, 3, 2, 1, '6:1', '6:1', null, true, '2020-05-23', 2);
INSERT INTO MATCH (PLAYER_WINNER_ID, PLAYER_DEFEATED_ID, PLAYER_ROW_ATTACKER_ID, PLAYER_ROW_DEFENDER_ID, CHALLENGER_ROW, DEFENDER_ROW, SET_FIRST, SET_SECOND, SET_THIRD, IS_MATCH_PLAYED, MATCH_DATE, ROUND_ID) VALUES (5, 6, 5, 6, 4, 3, '6:1', '7:5', null, true, '2020-05-23', 2);
INSERT INTO MATCH (PLAYER_WINNER_ID, PLAYER_DEFEATED_ID, PLAYER_ROW_ATTACKER_ID, PLAYER_ROW_DEFENDER_ID, CHALLENGER_ROW, DEFENDER_ROW, SET_FIRST, SET_SECOND, SET_THIRD, IS_MATCH_PLAYED, MATCH_DATE, ROUND_ID) VALUES (8, 7, 7, 8, 4, 3, '6:1', '1:6', '8:10', true, '2020-05-23', 2);
INSERT INTO MATCH (PLAYER_WINNER_ID, PLAYER_DEFEATED_ID, PLAYER_ROW_ATTACKER_ID, PLAYER_ROW_DEFENDER_ID, CHALLENGER_ROW, DEFENDER_ROW, SET_FIRST, SET_SECOND, SET_THIRD, IS_MATCH_PLAYED, MATCH_DATE, ROUND_ID) VALUES (10, 9, 10, 9, 6, 5, '6:4', '6:2', null, true, '2020-05-22', 2);
INSERT INTO MATCH (PLAYER_WINNER_ID, PLAYER_DEFEATED_ID, PLAYER_ROW_ATTACKER_ID, PLAYER_ROW_DEFENDER_ID, CHALLENGER_ROW, DEFENDER_ROW, SET_FIRST, SET_SECOND, SET_THIRD, IS_MATCH_PLAYED, MATCH_DATE, ROUND_ID) VALUES (12, 11, 12, 11, 6, 5, '6:1', '6:2', null, true, '2020-05-23', 2);
INSERT INTO MATCH (PLAYER_WINNER_ID, PLAYER_DEFEATED_ID, PLAYER_ROW_ATTACKER_ID, PLAYER_ROW_DEFENDER_ID, CHALLENGER_ROW, DEFENDER_ROW, SET_FIRST, SET_SECOND, SET_THIRD, IS_MATCH_PLAYED, MATCH_DATE, ROUND_ID) VALUES (13, 14, 13, 14, 8, 7, '7:5', '7:5', null, true, '2020-05-23', 2);
INSERT INTO MATCH (PLAYER_WINNER_ID, PLAYER_DEFEATED_ID, PLAYER_ROW_ATTACKER_ID, PLAYER_ROW_DEFENDER_ID, CHALLENGER_ROW, DEFENDER_ROW, SET_FIRST, SET_SECOND, SET_THIRD, IS_MATCH_PLAYED, MATCH_DATE, ROUND_ID) VALUES (16, 15, 15, 16, 8, 7, '1:6', '1:6', null, true, '2020-05-23', 2);
INSERT INTO MATCH (PLAYER_WINNER_ID, PLAYER_DEFEATED_ID, PLAYER_ROW_ATTACKER_ID, PLAYER_ROW_DEFENDER_ID, CHALLENGER_ROW, DEFENDER_ROW, SET_FIRST, SET_SECOND, SET_THIRD, IS_MATCH_PLAYED, MATCH_DATE, ROUND_ID) VALUES (null, null, 3, 1, 2, 1, null, null, null, false, null, 3);
INSERT INTO MATCH (PLAYER_WINNER_ID, PLAYER_DEFEATED_ID, PLAYER_ROW_ATTACKER_ID, PLAYER_ROW_DEFENDER_ID, CHALLENGER_ROW, DEFENDER_ROW, SET_FIRST, SET_SECOND, SET_THIRD, IS_MATCH_PLAYED, MATCH_DATE, ROUND_ID) VALUES (null, null, 4, 2, 2, 1, null, null, null, false, null, 3);
INSERT INTO MATCH (PLAYER_WINNER_ID, PLAYER_DEFEATED_ID, PLAYER_ROW_ATTACKER_ID, PLAYER_ROW_DEFENDER_ID, CHALLENGER_ROW, DEFENDER_ROW, SET_FIRST, SET_SECOND, SET_THIRD, IS_MATCH_PLAYED, MATCH_DATE, ROUND_ID) VALUES (null, null, 8, 5, 4, 3, null, null, null, false, null, 3);
INSERT INTO MATCH (PLAYER_WINNER_ID, PLAYER_DEFEATED_ID, PLAYER_ROW_ATTACKER_ID, PLAYER_ROW_DEFENDER_ID, CHALLENGER_ROW, DEFENDER_ROW, SET_FIRST, SET_SECOND, SET_THIRD, IS_MATCH_PLAYED, MATCH_DATE, ROUND_ID) VALUES (null, null, 7, 6, 4, 3, null, null, null, false, null, 3);
INSERT INTO MATCH (PLAYER_WINNER_ID, PLAYER_DEFEATED_ID, PLAYER_ROW_ATTACKER_ID, PLAYER_ROW_DEFENDER_ID, CHALLENGER_ROW, DEFENDER_ROW, SET_FIRST, SET_SECOND, SET_THIRD, IS_MATCH_PLAYED, MATCH_DATE, ROUND_ID) VALUES (null, null, 12, 9, 6, 5, null, null, null, false, null, 3);
INSERT INTO MATCH (PLAYER_WINNER_ID, PLAYER_DEFEATED_ID, PLAYER_ROW_ATTACKER_ID, PLAYER_ROW_DEFENDER_ID, CHALLENGER_ROW, DEFENDER_ROW, SET_FIRST, SET_SECOND, SET_THIRD, IS_MATCH_PLAYED, MATCH_DATE, ROUND_ID) VALUES (null, null, 11, 10, 6, 5, null, null, null, false, null, 3);
INSERT INTO MATCH (PLAYER_WINNER_ID, PLAYER_DEFEATED_ID, PLAYER_ROW_ATTACKER_ID, PLAYER_ROW_DEFENDER_ID, CHALLENGER_ROW, DEFENDER_ROW, SET_FIRST, SET_SECOND, SET_THIRD, IS_MATCH_PLAYED, MATCH_DATE, ROUND_ID) VALUES (null, null, 16, 13, 8, 7, null, null, null, false, null, 3);
INSERT INTO MATCH (PLAYER_WINNER_ID, PLAYER_DEFEATED_ID, PLAYER_ROW_ATTACKER_ID, PLAYER_ROW_DEFENDER_ID, CHALLENGER_ROW, DEFENDER_ROW, SET_FIRST, SET_SECOND, SET_THIRD, IS_MATCH_PLAYED, MATCH_DATE, ROUND_ID) VALUES (null, null, 15, 14, 8, 7, null, null, null, false, null, 3);
INSERT INTO MATCH (PLAYER_WINNER_ID, PLAYER_DEFEATED_ID, PLAYER_ROW_ATTACKER_ID, PLAYER_ROW_DEFENDER_ID, CHALLENGER_ROW, DEFENDER_ROW, SET_FIRST, SET_SECOND, SET_THIRD, IS_MATCH_PLAYED, MATCH_DATE, ROUND_ID) VALUES (5, 6, null, null, 6, 5, '6:0', '6:0', null, true, '2020-05-22', 1);
INSERT INTO MATCH (PLAYER_WINNER_ID, PLAYER_DEFEATED_ID, PLAYER_ROW_ATTACKER_ID, PLAYER_ROW_DEFENDER_ID, CHALLENGER_ROW, DEFENDER_ROW, SET_FIRST, SET_SECOND, SET_THIRD, IS_MATCH_PLAYED, MATCH_DATE, ROUND_ID) VALUES (7, 8, null, null, 4, 3, '6:1', '2:6', '12:10', true, '2020-05-23', 1);
INSERT INTO MATCH (PLAYER_WINNER_ID, PLAYER_DEFEATED_ID, PLAYER_ROW_ATTACKER_ID, PLAYER_ROW_DEFENDER_ID, CHALLENGER_ROW, DEFENDER_ROW, SET_FIRST, SET_SECOND, SET_THIRD, IS_MATCH_PLAYED, MATCH_DATE, ROUND_ID) VALUES (7, 5, null, null, 7, 6, '7:6', '2:6', '12:10', true, '2020-05-28', 1);
INSERT INTO MATCH (PLAYER_WINNER_ID, PLAYER_DEFEATED_ID, PLAYER_ROW_ATTACKER_ID, PLAYER_ROW_DEFENDER_ID, CHALLENGER_ROW, DEFENDER_ROW, SET_FIRST, SET_SECOND, SET_THIRD, IS_MATCH_PLAYED, MATCH_DATE, ROUND_ID) VALUES (8, 5, null, null, 6, 5, '6:3', '6:7', '10:4', true, '2020-05-29', 1);
INSERT INTO ACHIEVEMENT (TROPHY_DESCRIPTION, TROPHY_NAME) VALUES ('10 pobjeda', 'tenWins');
INSERT INTO ACHIEVEMENT (TROPHY_DESCRIPTION, TROPHY_NAME) VALUES ('20 pobjeda', 'twentyWins');
INSERT INTO ACHIEVEMENT (TROPHY_DESCRIPTION, TROPHY_NAME) VALUES ('1. red', 'firstRow');
INSERT INTO ACHIEVEMENT (TROPHY_DESCRIPTION, TROPHY_NAME) VALUES ('2. red', 'secondRow');
INSERT INTO ACHIEVEMENT (TROPHY_DESCRIPTION, TROPHY_NAME) VALUES ('3. red', 'thirdRow');
INSERT INTO ACHIEVEMENT (TROPHY_DESCRIPTION, TROPHY_NAME) VALUES ('3 pobjede u nizu', 'threeStreak');
INSERT INTO ACHIEVEMENT (TROPHY_DESCRIPTION, TROPHY_NAME) VALUES ('5 pobjeda u nizu', 'fiveStreak');
INSERT INTO ACHIEVEMENT (TROPHY_DESCRIPTION, TROPHY_NAME) VALUES ('50 odigranih', 'fiftyPlayed');
INSERT INTO ACHIEVEMENT (TROPHY_DESCRIPTION, TROPHY_NAME) VALUES ('50 pobjeda', 'fiftyWins');
INSERT INTO PLAYERS_ACHIEVEMENTS (PLAYER_ID, ACHIEVEMENT_ID, DATE_ACHIEVED) VALUES (1, 1, '2020-05-19');
INSERT INTO PLAYERS_ACHIEVEMENTS (PLAYER_ID, ACHIEVEMENT_ID, DATE_ACHIEVED) VALUES (1, 2, '2020-05-22');
INSERT INTO PLAYERS_ACHIEVEMENTS (PLAYER_ID, ACHIEVEMENT_ID, DATE_ACHIEVED) VALUES (1, 3, '2020-05-19');
INSERT INTO PLAYERS_ACHIEVEMENTS (PLAYER_ID, ACHIEVEMENT_ID, DATE_ACHIEVED) VALUES (1, 4, '2020-05-19');
INSERT INTO PLAYERS_ACHIEVEMENTS (PLAYER_ID, ACHIEVEMENT_ID, DATE_ACHIEVED) VALUES (1, 5, '2020-05-19');
INSERT INTO PLAYERS_ACHIEVEMENTS (PLAYER_ID, ACHIEVEMENT_ID, DATE_ACHIEVED) VALUES (2, 3, '2020-05-22');
INSERT INTO PLAYERS_ACHIEVEMENTS (PLAYER_ID, ACHIEVEMENT_ID, DATE_ACHIEVED) VALUES (2, 6, '2020-05-22');
INSERT INTO PLAYERS_ACHIEVEMENTS (PLAYER_ID, ACHIEVEMENT_ID, DATE_ACHIEVED) VALUES (2, 7, '2020-05-22');
INSERT INTO PLAYERS_ACHIEVEMENTS (PLAYER_ID, ACHIEVEMENT_ID, DATE_ACHIEVED) VALUES (3, 1, '2020-05-19');
INSERT INTO PLAYERS_ACHIEVEMENTS (PLAYER_ID, ACHIEVEMENT_ID, DATE_ACHIEVED) VALUES (4, 1, '2020-05-22');
INSERT INTO PLAYERS_ACHIEVEMENTS (PLAYER_ID, ACHIEVEMENT_ID, DATE_ACHIEVED) VALUES (7, 2, '2020-05-19');
INSERT INTO PLAYERS_ACHIEVEMENTS (PLAYER_ID, ACHIEVEMENT_ID, DATE_ACHIEVED) VALUES (3, 3, '2020-05-22');
