INSERT INTO PLAYER (ID, FIRST_NAME, LAST_NAME, DATE_OF_BIRTH, USER_MAIL, PASSWORD, IS_ACTIVE) VALUES (1, 'Mikica', 'Trombonek', '1992-01-01', 'mali.mikica@mail.com', '12345', true);
INSERT INTO PLAYER (ID, FIRST_NAME, LAST_NAME, DATE_OF_BIRTH, USER_MAIL, PASSWORD, IS_ACTIVE) VALUES (2, 'Ivica', 'Spilsibum', '1973-05-08', 'mali.ivica@mail.com', '56789', true);
INSERT INTO PLAYER (ID, FIRST_NAME, LAST_NAME, DATE_OF_BIRTH, USER_MAIL, PASSWORD, IS_ACTIVE) VALUES (3, 'Matija', 'Ivančić', '1980-11-08', 'matija.ivica@mail.com', 'mama22', true);
INSERT INTO PLAYER (ID, FIRST_NAME, LAST_NAME, DATE_OF_BIRTH, USER_MAIL, PASSWORD, IS_ACTIVE) VALUES (4, 'Karlo', 'Sutrić', '1985-02-14', 'jurica.mali@mail.com', 'mama22', true);
INSERT INTO PLAYER (ID, FIRST_NAME, LAST_NAME, DATE_OF_BIRTH, USER_MAIL, PASSWORD, IS_ACTIVE) VALUES (5, 'Marko', 'Pilić', '1992-01-01', 'mali.mikica@mail.com', '12345', true);
INSERT INTO PLAYER (ID, FIRST_NAME, LAST_NAME, DATE_OF_BIRTH, USER_MAIL, PASSWORD, IS_ACTIVE) VALUES (6, 'Stjepan', 'Držislav', '1973-05-08', 'mali.ivica@mail.com', '56789', true);
INSERT INTO PLAYER (ID, FIRST_NAME, LAST_NAME, DATE_OF_BIRTH, USER_MAIL, PASSWORD, IS_ACTIVE) VALUES (7, 'Roko', 'Danić', '1980-11-08', 'matija.ivica@mail.com', 'mama22', true);
INSERT INTO PLAYER (ID, FIRST_NAME, LAST_NAME, DATE_OF_BIRTH, USER_MAIL, PASSWORD, IS_ACTIVE) VALUES (8, 'Borna', 'Lepoglavec', '1985-02-14', 'jurica.mali@mail.com', 'mama22', true);
INSERT INTO ACHIEVEMENT (TROPHY_DESCRIPTION, TROPHY_NAME) VALUES ('10 pobjeda', 'tenWins');
INSERT INTO ACHIEVEMENT (TROPHY_DESCRIPTION, TROPHY_NAME) VALUES ('20 pobjeda', 'twentyWins');
INSERT INTO ACHIEVEMENT (TROPHY_DESCRIPTION, TROPHY_NAME) VALUES ('1. red', 'firstRow');
INSERT INTO ACHIEVEMENT (TROPHY_DESCRIPTION, TROPHY_NAME) VALUES ('2. red', 'secondRow');
INSERT INTO ACHIEVEMENT (TROPHY_DESCRIPTION, TROPHY_NAME) VALUES ('3. red', 'thirdRow');
INSERT INTO ACHIEVEMENT (TROPHY_DESCRIPTION, TROPHY_NAME) VALUES ('3 pobjede u nizu', 'threeStreak');
INSERT INTO ACHIEVEMENT (TROPHY_DESCRIPTION, TROPHY_NAME) VALUES ('50 odigranih', 'fiftyPlayed');
INSERT INTO ACHIEVEMENT (TROPHY_DESCRIPTION, TROPHY_NAME) VALUES ('50 pobjeda', 'fiftyWins');
INSERT INTO SEASON (SEASON_NAME, SEASON_TIER) VALUES ('Prijateljska', 'friendly');
INSERT INTO SEASON (SEASON_NAME, SEASON_TIER) VALUES ('Piramida Ljeto 2020.', 'pyramid');
INSERT INTO SEASON (SEASON_NAME, SEASON_TIER) VALUES ('Masters Ljeto 2020.', 'masters');
INSERT INTO ROUND (ROUND_NUMBER, DATE_FROM, DATE_TO, ROUND_DESCRIPTION, SEASON_ID) VALUES (0, NULL, NULL, 'Prijateljska', 1);
INSERT INTO ROUND (ROUND_NUMBER, DATE_FROM, DATE_TO, ROUND_DESCRIPTION, SEASON_ID) VALUES (1, '2020-05-17', '2020-05-24', '1. kolo (17.5.-24.5.) - Piramida Ljeto 2020.', 2);
INSERT INTO ROUND (ROUND_NUMBER, DATE_FROM, DATE_TO, ROUND_DESCRIPTION, SEASON_ID) VALUES (2, '2020-05-25', '2020-05-31', '2. kolo (25.5.-31.5.) - Piramida Ljeto 2020.', 2);
INSERT INTO ROUND (ROUND_NUMBER, DATE_FROM, DATE_TO, ROUND_DESCRIPTION, SEASON_ID) VALUES (3, '2020-06-01', '2020-06-07', '3. kolo (1.6.-7.6.) - Piramida Ljeto 2020.', 2);
INSERT INTO MATCH (PLAYER_WINNER_ID, PLAYER_DEFEATED_ID, PLAYER_ROW_ATTACKER_ID, PLAYER_ROW_DEFENDER_ID, CHALLENGER_ROW, DEFENDER_ROW, SET_FIRST, SET_SECOND, SET_THIRD, IS_MATCH_PLAYED, MATCH_DATE, ROUND_ID) VALUES (2, 1, 2, 1, 2, 1, '6:4', '6:2', null, true, '2020-05-22', 2);
INSERT INTO MATCH (PLAYER_WINNER_ID, PLAYER_DEFEATED_ID, PLAYER_ROW_ATTACKER_ID, PLAYER_ROW_DEFENDER_ID, CHALLENGER_ROW, DEFENDER_ROW, SET_FIRST, SET_SECOND, SET_THIRD, IS_MATCH_PLAYED, MATCH_DATE, ROUND_ID) VALUES (4, 3, 4, 3, 4, 3, '6:1', '6:1', null, true, '2020-05-23', 2);
INSERT INTO MATCH (PLAYER_WINNER_ID, PLAYER_DEFEATED_ID, PLAYER_ROW_ATTACKER_ID, PLAYER_ROW_DEFENDER_ID, CHALLENGER_ROW, DEFENDER_ROW, SET_FIRST, SET_SECOND, SET_THIRD, IS_MATCH_PLAYED, MATCH_DATE, ROUND_ID) VALUES (1, 2, 1, 2, 2, 1, '7:6', '2:6', '12:10', true, '2020-05-28', 3);
INSERT INTO MATCH (PLAYER_WINNER_ID, PLAYER_DEFEATED_ID, PLAYER_ROW_ATTACKER_ID, PLAYER_ROW_DEFENDER_ID, CHALLENGER_ROW, DEFENDER_ROW, SET_FIRST, SET_SECOND, SET_THIRD, IS_MATCH_PLAYED, MATCH_DATE, ROUND_ID) VALUES (3, 4, 3, 4, 4, 3, '6:3', '6:7', '10:4', true, '2020-05-29', 3);
INSERT INTO MATCH (PLAYER_WINNER_ID, PLAYER_DEFEATED_ID, PLAYER_ROW_ATTACKER_ID, PLAYER_ROW_DEFENDER_ID, CHALLENGER_ROW, DEFENDER_ROW, SET_FIRST, SET_SECOND, SET_THIRD, IS_MATCH_PLAYED, MATCH_DATE, ROUND_ID) VALUES (1, 2, 2, 1, 2, 1, null, null, null, false, null, 4);
INSERT INTO MATCH (PLAYER_WINNER_ID, PLAYER_DEFEATED_ID, PLAYER_ROW_ATTACKER_ID, PLAYER_ROW_DEFENDER_ID, CHALLENGER_ROW, DEFENDER_ROW, SET_FIRST, SET_SECOND, SET_THIRD, IS_MATCH_PLAYED, MATCH_DATE, ROUND_ID) VALUES (3, 4, 4, 3, 4, 3, null, null, null, false, null, 4);

INSERT INTO MATCH (PLAYER_WINNER_ID, PLAYER_DEFEATED_ID, PLAYER_ROW_ATTACKER_ID, PLAYER_ROW_DEFENDER_ID, CHALLENGER_ROW, DEFENDER_ROW, SET_FIRST, SET_SECOND, SET_THIRD, IS_MATCH_PLAYED, MATCH_DATE, ROUND_ID) VALUES (5, 6, 6, 5, 6, 5, '6:0', '6:0', null, true, '2020-05-22', 2);
INSERT INTO MATCH (PLAYER_WINNER_ID, PLAYER_DEFEATED_ID, PLAYER_ROW_ATTACKER_ID, PLAYER_ROW_DEFENDER_ID, CHALLENGER_ROW, DEFENDER_ROW, SET_FIRST, SET_SECOND, SET_THIRD, IS_MATCH_PLAYED, MATCH_DATE, ROUND_ID) VALUES (7, 8, 8, 7, 4, 3, '6:1', '2:6', '12:10', true, '2020-05-23', 2);
INSERT INTO MATCH (PLAYER_WINNER_ID, PLAYER_DEFEATED_ID, PLAYER_ROW_ATTACKER_ID, PLAYER_ROW_DEFENDER_ID, CHALLENGER_ROW, DEFENDER_ROW, SET_FIRST, SET_SECOND, SET_THIRD, IS_MATCH_PLAYED, MATCH_DATE, ROUND_ID) VALUES (7, 5, 7, 6, 7, 6, '7:6', '2:6', '12:10', true, '2020-05-28', 3);
INSERT INTO MATCH (PLAYER_WINNER_ID, PLAYER_DEFEATED_ID, PLAYER_ROW_ATTACKER_ID, PLAYER_ROW_DEFENDER_ID, CHALLENGER_ROW, DEFENDER_ROW, SET_FIRST, SET_SECOND, SET_THIRD, IS_MATCH_PLAYED, MATCH_DATE, ROUND_ID) VALUES (8, 5, 8, 5, 6, 5, '6:3', '6:7', '10:4', true, '2020-05-29', 3);
INSERT INTO MATCH (PLAYER_WINNER_ID, PLAYER_DEFEATED_ID, PLAYER_ROW_ATTACKER_ID, PLAYER_ROW_DEFENDER_ID, CHALLENGER_ROW, DEFENDER_ROW, SET_FIRST, SET_SECOND, SET_THIRD, IS_MATCH_PLAYED, MATCH_DATE, ROUND_ID) VALUES (5, 8, 5, 8, 6, 5, null, null, null, false, null, 4);
INSERT INTO MATCH (PLAYER_WINNER_ID, PLAYER_DEFEATED_ID, PLAYER_ROW_ATTACKER_ID, PLAYER_ROW_DEFENDER_ID, CHALLENGER_ROW, DEFENDER_ROW, SET_FIRST, SET_SECOND, SET_THIRD, IS_MATCH_PLAYED, MATCH_DATE, ROUND_ID) VALUES (7, 6, 7, 6, 7, 6, null, null, null, false, null, 4);
INSERT INTO PLAYER_STATS (PLAYER_ID, CURRENT_ROW, BEST_ROW, CURRENT_STREAK, BEST_STREAK) VALUES (1, 1, 1, 1, 3);
INSERT INTO PLAYER_STATS (PLAYER_ID, CURRENT_ROW, BEST_ROW, CURRENT_STREAK, BEST_STREAK) VALUES (2, 2, 1, 0, 2);
INSERT INTO PLAYER_STATS (PLAYER_ID, CURRENT_ROW, BEST_ROW, CURRENT_STREAK, BEST_STREAK) VALUES (3, 3, 2, 1, 4);
INSERT INTO PLAYER_STATS (PLAYER_ID, CURRENT_ROW, BEST_ROW, CURRENT_STREAK, BEST_STREAK) VALUES (4, 4, 2, 0, 3);
INSERT INTO PLAYER_STATS (PLAYER_ID, CURRENT_ROW, BEST_ROW, CURRENT_STREAK, BEST_STREAK) VALUES (5, 1, 1, 1, 3);
INSERT INTO PLAYER_STATS (PLAYER_ID, CURRENT_ROW, BEST_ROW, CURRENT_STREAK, BEST_STREAK) VALUES (6, 2, 1, 0, 2);
INSERT INTO PLAYER_STATS (PLAYER_ID, CURRENT_ROW, BEST_ROW, CURRENT_STREAK, BEST_STREAK) VALUES (7, 3, 2, 1, 4);
INSERT INTO PLAYER_STATS (PLAYER_ID, CURRENT_ROW, BEST_ROW, CURRENT_STREAK, BEST_STREAK) VALUES (8, 4, 2, 0, 3);
INSERT INTO PLAYERS_ACHIEVEMENTS (PLAYER_ID, ACHIEVEMENT_ID, DATE_ACHIEVED) VALUES (1, 1, '2020-05-19');
INSERT INTO PLAYERS_ACHIEVEMENTS (PLAYER_ID, ACHIEVEMENT_ID, DATE_ACHIEVED) VALUES (1, 2, '2020-05-22');
INSERT INTO PLAYERS_ACHIEVEMENTS (PLAYER_ID, ACHIEVEMENT_ID, DATE_ACHIEVED) VALUES (1, 3, '2020-05-19');
INSERT INTO PLAYERS_ACHIEVEMENTS (PLAYER_ID, ACHIEVEMENT_ID, DATE_ACHIEVED) VALUES (1, 4, '2020-05-19');
INSERT INTO PLAYERS_ACHIEVEMENTS (PLAYER_ID, ACHIEVEMENT_ID, DATE_ACHIEVED) VALUES (1, 5, '2020-05-19');
INSERT INTO PLAYERS_ACHIEVEMENTS (PLAYER_ID, ACHIEVEMENT_ID, DATE_ACHIEVED) VALUES (2, 3, '2020-05-22');
INSERT INTO PLAYERS_ACHIEVEMENTS (PLAYER_ID, ACHIEVEMENT_ID, DATE_ACHIEVED) VALUES (2, 6, '2020-05-22');
INSERT INTO PLAYERS_ACHIEVEMENTS (PLAYER_ID, ACHIEVEMENT_ID, DATE_ACHIEVED) VALUES (2, 7, '2020-05-22');
INSERT INTO PLAYERS_ACHIEVEMENTS (PLAYER_ID, ACHIEVEMENT_ID, DATE_ACHIEVED) VALUES (3, 1, '2020-05-19');
INSERT INTO PLAYERS_ACHIEVEMENTS (PLAYER_ID, ACHIEVEMENT_ID, DATE_ACHIEVED) VALUES (4, 1, '2020-05-22');
INSERT INTO PLAYERS_ACHIEVEMENTS (PLAYER_ID, ACHIEVEMENT_ID, DATE_ACHIEVED) VALUES (7, 2, '2020-05-19');
INSERT INTO PLAYERS_ACHIEVEMENTS (PLAYER_ID, ACHIEVEMENT_ID, DATE_ACHIEVED) VALUES (3, 3, '2020-05-22');